编程之美,3189766563,1
27号客服,2524965201,6
海子,1910109065,7
浮沉,572291167,8
我的青春我做主,2838791189,3
sun,2093440643,4
NULL,1280892254,4
Jim.chen,499247020,13
275488770,275488770,14
牛哥编程,1875391267,7
Enigma,632386583,10
无心,382406270,13
hacker,1691623972,7
JustYC,2539914999,6
青鸟北去,473214588,9
ロンリー剣,470285662,13
沉迷学习 日渐消瘦,869273049,8
游侠,827986280,10
子灬逾丶,358492589,8
乘风破浪,2601336715,6
日出,951020701,10
Chris,591347134,11
如你所愿,990397637,9
代码,1187240993,8
QQ,286598966,8
Simon,466718611,13
spitfire,478040978,9
嗤,651633642,7
西西恩,493302046,11
BigStrong,3161025707,3
省三,815491295,10
夕阳,1069355829,9
乘风破浪,1306167953,8
Kenny,46267636,17
～不辞～,1158028367,9
婷婷,1049147902,9
爱i,1049154785,8
-林酉,731137875,10
啸月,269852578,11
春江_花月夜y,562103874,10
Sabbath,417045158,13
01号客服,3492159689,2
Whatever,1343497749,8
yxz1109,744891390,10
正儿八经儿小青年,3393141148,1
高阳,584415066,12
Missile,450768176,13
水剑,1364097153,8
晓乐,1565150757,7
Flies,794384611,10
Boom~~,353554506,12
路飞飞,51019283,17
SBH,1695523297,7
球球,871983594,10
夏末瑾年,540046661,11
夜幕一时无月,2369940632,6
Changing,472780551,11
关慕云,1625435927,7
fortune,2055653378,4
黑暗中的火光,2550677462,6
Risen,1591780418,7
阿耨多罗三藐三菩提,172721173,5
☸じ對她①❤,270768983,14
钟LS,513151396,13
予舍♍,879531595,7
别离,2655537789,5
abc,2740588426,4
大魔王hash,1056355752,9
HDS术业专攻,1096087178,7
简单,916044688,10
柴柴,280228303,14
雨一直下,418389818,13
剧歌第一句,897603022,10
微醺,380798413,10
,836834283,10
object,3391622007,1
Jack,920491071,10
Ifyou,294717629,11
俺妈说昵称越长媳妇越漂亮,350456985,12
你走位啊,837261544,11
XXX,798990255,11
萌萌的SOSO妹,3486910198,2
莫殇,316084217,13
你就是根号四,1291407533,8
B0rn 70 w1n💪,187009295,14
真心话,995365715,9
未然,1977907272,6
Aeasringnar,2736500139,4
yes,I do,836721195,10
゛小珊瑚、,4690816,17
小清,1290831507,8
陌离,644331530,6
い八う,554322804,12
祉鑫,2907494483,2
年少总有装逼梦,20334327,14
sily,597144071,8
orange,1796943480,7
一梦江山,763596974,11
邱焜,373171658,14
白云·清风,1720513491,6
default,211789390,3
" Fighting Chen,876179824,10
清,1247748612,8
心行,1350806450,8
魔龙,598326649,12
HelloWorld.,930814389,10
诸葛武,1021851314,10
小帅哥,508968584,5
be brave,1126413929,8
武林萌主,568845168,12
雨点,505857752,12
故事,421127423,13
黑白與虛幻╮,451064690,10
死肥宅,1451463969,7
^_^^_^,3208393020,3
令狐冲动,52100141,17
_,1214022160,9
魔元,1474605418,2
ROOT,495894925,12
雷电行,3264492346,3
Anycodes,80902630,13
无限,1576554670,7
一个人看小丸子,1069461929,9
fortune,2489172753,7
若,540403663,11
归去来兮,1057943634,7
西青,770153308,8
淡淡的心伤,492371030,11
Allen,1350091401,7
Ezreal,841747840,11
醉茗弥勒,619982293,11
~,501244968,1
Frank,86665247,16
季,977927559,9
冉冉,1103509234,9
Perfect,811571667,7
Lau,379119127,13
N,948485496,10
飞雪,3556322857,1
Rokic,498882312,13
kuibisi,2793226792,4
Mitsuha`,784811843,10
扶桑与克里斯,975520251,10
东小刀,80645987,13
小楼同学,974864034,10
掰不开桃子的男人,739544972,9
浅笑 、,137996047,12
未知目标,2192925549,5
1943-YoNv,178320049,11
Mr T,673054382,11
stone,422417537,13
keep_going,1527604318,8
天行健,510087153,6
🐠金鱼佬🐠,454002833,13
心花怒放,806877274,9
我说@《你信》,1299173601,8
淰小懿,704663953,10
Faded,1093607758,8
сильный,348356711,8
思漠,1759024343,7
蓝天一线,387607980,13
刘远平,1377639442,8
大雨还是小雨,769258580,10
一个老实人,3512447547,2
向风亭,842273847,10
宝塔镇河妖,1441433264,8
Martin goes forward,871325148,10
…,982283548,10
皮卡兵,376808987,12
s,3448823077,2
大西几,812143550,8
浓眉大侠$inging,403425608,12
顿途,403562935,11
阿布,1746187370,7
卡卡,188123134,7
小灰灰,940671407,10
心静（后台开发）,908852534,9
403,2792590202,4
无痕,2632790902,4
Will Teng,1450701256,8
～～～,540961368,10
patrick,996602672,8
·,1005535488,10
岁月里奔跑,310550078,9
Ell曾,1226294653,8
清,861953190,8
Mocha,1446684220,8
微笑生活(*^ω^*),2140089382,1
Morris.,940411727,10
一点飞鸿,1099155429,8
[容我过分帅气.],418714451,12
averyboy,228744592,6
瘾。,1192728018,9
丶WhaleFall,280690956,14
1,527950554,8
一个傻的瞬手与程序员,906746607,8
迷魂,137275814,11
晚-o_灯,277471776,13
＾_＾张加胜＾_＾,1415912291,8
☆红色巧克力★,1149827860,9
、,644153518,10
blackTea,401619741,10
,916232476,8
空鐘一粒塵,1547103226,7
HD-木木,576030418,12
超困,944593288,10
null,1076231043,9
怨回纥,648374605,9
11,759252738,11
柳林风声,1670491921,7
真好,3103792138,3
import sys,451420401,10
彼岸，未央,1013104194,10
我是逗比的媳妇,1070085256,9
财富和情感,568897492,12
嘟唧のfish,819406300,10
Daybreak,986849929,9
非洲小白脸,398395614,12
一的平方,2464512446,5
图特摩斯三世,447585986,11
鸽吻,1097436910,9
我的其他QQ号,3492332891,2
⒐缺αn稳づ,1114181785,9
kyoRan,1442721081,7
YangBoy,527261787,13
‏‎俩鼻涕泡,1273748522,8
大坤,1446048459,7
唱海(听）,465116038,11
lcz,1132559107,8
Attendre_,614532563,9
🐳🐳,1045373466,8
新房客,87202249,17
xzt.,492235584,10
CAPPUCCINO,41420872,17
Laughing胖♡^_^♡,250317189,14
江夏没人管,421919178,8
喵了个咪咪咪,852595181,10
℅圈小事尐,1141607810,9
Selena,460544826,10
摆矿],2031854641,2
vs,844846746,10
南烛,1151401109,9
如人饮水,1216973748,7
程序员,3222936821,2
无名,1355442075,8
雪,1830186498,6
Sucker for Pain,2315112324,6
Aha,676037567,12
Ashley,2997676578,5
诗,1178871512,9
青檬cyborg,1061127956,9
Sonic,1748681439,7
旧事酒浓,327040460,7
,574809303,12
行者Sun,1067946977,9
_?,2077123561,2
耶稣,848602238,10
🚶,1565057559,7
String,451176825,12
枫桥夜泊,1145285486,8
遥远的梦 RST,413254325,13
Hunter,1204604036,9
驭~逸,1067687502,8
liguo,1990827412,3
疯狂的菜鸟,2413187243,5
smile ^~^,1576307797,7
七弦琴手,1134693876,9
pinsily,2608927151,6
程序人生,1273715732,1
Wang.,630011342,9
world,3241492310,3
从头再来,1402428165,7
。Oo,494062073,13
w1nn3r,2283540148,7
~~~~,775404468,9
善良々強盜,1006433925,10
PoP,997823512,9
Shine,545316725,12
＂呉法言説┒℡,960183638,8
WT,2237796210,4
A,3231068013,3
清舟侧丶,391032473,13
清风,574702152,12
小铁,1125168253,8
眠,897190475,10
积极向上的好青年,597262012,10
😁😁😁😏,1061683512,9
Nero Claudius Caesar Augustus German,2021671406,2
......,824811408,11
yμаи鍀﹄初原ゾ,2524098146,1
‪NPC,1458882634,8
很珍惜一些人丶2018,751891786,10
eternalone,419773467,13
取一念,594318101,12
。。,476954252,9
深夜的雨,2987531360,4
暮雨潇潇,503894305,11
陌上,2295866824,5
先生,951119439,8
勤劳的懒羊羊,1315609144,8
o o,786594814,10
大米,1527896294,8
xiaofanfan,1840670599,5
ArmyAnt,512386080,10
夜末·冥思,405421467,13
oヤ橴苑灬,302601834,11
刘伯温,838235262,7
🐮,494051062,6
耳日,1810824959,7
Pascal,412892053,12
花语,1162937065,7
sunshine,2069349458,3
之一,1749531441,1
,1599789125,6
淡定啊,779013279,11
腐草为萤,1358460359,8
Kissed by Fire,894812391,10
penond,85073045,13
阿汇,1845040778,6
老萧,932912474,10
7分钟,87831498,13
行行藏情,2077563902,1
Stitch,1436037811,8
林欣,467719166,10
Venus,843683589,11
平静,5032928,17
旧巷子,2746571865,2
沂阳,529189527,13
误解的机遇（小选）,1756243584,7
梧桐弯弯,528397553,8
百里酚蓝,84416281,13
thinson☀,1760041313,7
蔚蓝的星空,1453912489,7
夜阑听雪者,704329038,10
ヤ凊灀殘膤偲,609597130,12
铭,1207734468,8
sharb.,1143144598,8
Listener,1210588659,9
安溪,3486741322,1
Ame,532071027,13
龙腾于野,839699014,10
白马非马,995078513,10
Mr.Sine,1424274840,8
Hello sunshine,1589445926,6
简单,2499963628,5
旧,1228267639,7
CGS,1003590782,9
翌缘,1506659545,6
不忘初心,2401509087,4
- You about all,97103184,9
奔跑。,578232582,10
老司机,1920654673,7
咫尺天涯,757387961,9
PuzzleX,644327005,11
……,471493996,13
尘心素淡,2394606209,4
Mr.Geng,408688964,11
镜花水月,562254943,8
张邪恶。,1102428714,8
浮云,2623992387,5
方方,3202971905,1
最佳。,2630198741,6
blavrso,522761613,10
入骨相思知不知♡,1479171863,8
另寻沧海,1940856771,7
天边,2726492626,4
！,619400536,9
小鱼王子,792301982,10
Be a person of value,1173733326,9
seven,3323896384,2
Jasonxu,645468673,8
吉祥猪,2795733775,3
买不到饭就吃泡面,525244039,5
酒鬼,843834044,10
石英,17502977,16
拉格朗日,1131079461,7
筝虹放侄只歌,3392669395,1
Bob,540504729,12
梓笠,2744211681,4
Believe in the future,2101348712,4
励志-爱生活,1260353224,8
Gordon.L,514058760,9
Ocean Zhang,982483744,9
戀上,395015856,12
不要叫我蜀黍,1580660181,7
Geng Le,571160706,9
🐳,673712786,11
奮 鬥,1162523751,9
口可ガ,2669491744,2
喜欢猫的鱼,531681372,11
阿飞,494514014,13
NIRVANA,491065390,10
jade,1650294306,7
站着眉目依旧的我啊,1835369280,7
伱/并不懂我*,710159460,10
落风月,274489985,11
a,1162441935,9
海绵宝宝,447172363,6
LoveRice,564778897,8
dM4k3r,123816100,13
KAIJI,10564711,18
四月天,779508400,11
جدال,425715008,10
混蛋,287220978,6
雪的味道,1049367221,8
风,735134962,10
hjwblog.com,1542254356,6
😙woods😜,390416867,11
Amo Te,1051027178,8
____,1076440430,9
解忧包子铺,1079011291,9
青鸟,2846159709,4
不死米奇Mickey.Har,779300698,8
冷瞳丶一瞬间-,867047792,10
做最优秀的自己,562664496,8
远走高飞,1017560100,9
過,1522034695,5
虚无缥缈的风,1024390259,10
意无瑕,740393778,11
泠然希太古,985363932,6
搜狗输入法,546619116,8
Mikchy,1014957998,9
weta,895034978,9
正丿经丨同学,2235422067,6
过路客,1024339051,9
他叫屈大澎啊！！！,1910918179,5
violet,892746142,9
Fate．　soul,1921534216,7
让我找到你W,904672606,10
勿,3132279242,3
N0rth3ty,735191479,9
Vampire,850507383,9
吃一条能fly的锦鲤,1048199830,9
梧桐树,1139180510,9
取次花丛懒回顾,582059572,11
星空,2284775931,6
👌👌,1150693181,6
kwtop,1719751430,7
前夕,1048593583,9
画花,3500691299,1
陌上花开,2544886931,7
一气化三清,3233069648,3
O.？,446731466,9
nav_cento,1927033864,5
:`喂`_]`文明WAY,1742691669,7
若是凉夜已成梦,1370500428,8
达达,872213775,10
青红造了个白,761099707,9
~,1151017080,7
，。？！。！！,2994961385,3
laomd,965524991,6
破晓,953424918,5
.,707385935,9
💭💡🎈~~,956361916,9
晓风,952470866,8
嵸("");,1223542912,9
番薯,1640008400,7
Qian,790762116,8
⊙,1364011579,8
人生苦短,156286810,15
布利啾啾迪布利多,758841765,5
一米阳光,2224749495,6
薛熙,2420430689,4
夏末,598704274,9
依旧爱,204414423,3
Choc_Uil,368879361,13
Lou,928302203,10
,330514376,13
755731262,755731262,8
🇹 🇦 🇳,2273902448,6
XXXY,1608483232,6
戈多,2350282340,6
。,1819049649,7
天越,570558583,12
Vector,1430533056,4
一眼误终生,897675769,10
狂傲潇湘※潇遥一世的离觞,275956173,7
-贰四毛,812573206,10
础,19473411,16
枫释般若,965385284,10
cccc,617687380,11
Lyndon,274095778,9
err0r,2593766043,4
leo_nardo,1902115681,7
梦醉心空,178183852,9
五丈原,1113256304,8
゛拚命ㄣ微笑╭,207176788,4
97,544356779,11
风归,491565693,11
双,1594287557,7
笑看、红尘埃,1501484362,5
一天,1768495693,7
Mr.Acanyi,52407189,17
泛舟采荷,29998716,14
杰,747855083,11
7.62,2539561794,6
我是你爸爸呀,740951779,11
啦啦啦啦,748285366,11
文江,117148300,16
。,1438911870,7
Iowa Class Battleship,424780795,1
板蓝根的板蓝,1764681289,7
灬Archer丶,1540836832,8
格兰德,1147940842,9
Warm sunshine,815092532,11
一人一堂课,429763323,12
给自己的歌,153929962,9
小号,1138066279,8
不衰不帅,1311344898,8
野性而又干净,1015675073,10
,,2543803774,5
_____◤Alvin◢ヽ,562078401,9
冷漠,206742201,2
百多达,931253898,10
,870311511,10
∑Ironic、,137013743,11
根派,782797811,11
懂爱旳孤独,2918132363,1
い    婴宁'。,752229036,11
遇见初秋,2726352236,4
◎闪电风暴☆,499856090,12
NUAA-Mr. LiuVM,447205029,13
半瓶醋 崩盘带你去看楼,86933255,13
Nuller,3460817484,1
0-O,754383904,10
Stef,1462576944,2
zh_mars,2779393822,3
～,545281948,9
Yaphp,851257040,9
十月之下,834918500,8
缘,990687261,10
Anonymous,1003807869,10
放大镜,179197563,9
阿球🙃,1633215419,7
吃早饭了吗,1292485175,8
ss,773636365,5
羫心莕,2455940566,6
/cy阿飞,76414868,16
失败的英雄,457705137,11
N-Min,741034766,11
解,346225716,12
森琴,724771653,10
明月为证,872941539,9
路,1464227498,8
竹蜻蜓,420250899,12
绊城烟沙” £ 染指流年,1670302225,7
酸酸大青芒,1735940176,7
捏捏你的小肥脸,1214386868,9
程序代做,452100105,6
,2863758799,5
腾讯官芳,2223136131,6
→_→,656927369,12
过客,1540215426,8
Shadow,1653183496,5
Moo,875570815,10
.,915859262,8
MT,492797035,5
hf,853885165,10
Bury,1392919737,8
Data Master,122929048,5
三月,1757548534,7
封锁、我的爱,891988214,9
Code_J_xer,1055223464,9
粥粥,807082910,11
Vanish,1298019319,8
阳光宅男,670702169,12
tom,2711404165,3
码博士,2625487868,5
红枫,2232725011,7
荆府沈侯,2290318555,7
叶落知秋,214510221,11
一如既往,1141366781,8
fairy,2994899095,4
Buck,2480109218,1
HELLOLOL,2394641125,6
泥娃娃,1175739227,9
U-＞M,1791660695,2
，，，,382022965,1
我,2515659037,7
牛牛C,1943320157,5
THOU,381532333,9
樱桃没丸子,1332935494,7
change,1415756961,8
槐阳,45358172,17
Concentration,2654910062,2
coding,3424708205,2
chenPeng,810226001,10
王丽,3002507254,1
Ryan,2693984922,5
hit_hate_hack,467657184,8
麦,986353946,9
无中生有是最美的艺术,1650563029,6
Gxjun,1005267096,5
Ticker & Timer,635613319,6
EXPERT,1413786269,8
梦舞,2478349380,5
人生苦短,769850844,11
Richardlcz,1850070611,7
胡杨,2112824843,2
墨年,920292914,9
Hesitate,1696788869,6
lzswya,1294844426,8
猫怕水,475952074,10
猗郁,956431651,9
守候、等待,316063140,9
Samo,798453501,11
大渣渣。,405932243,9
耿耿,2083701389,4
(*◑∇◑)☞,584873691,10
vank,3315999133,3
浪生,710952230,11
Kevin,707524347,11
Asura,286551829,13
sky,1218980814,8
社会,1536213066,8
mq,273055358,11
行天下,1693843033,7
qwe,1447780128,8
呼呼哈嘿,978806986,10
Opinion,853342669,10
体温与鹿,3442370645,1
Yang,1763734039,7
Youth.skye,530407911,12
灵外&棂外,1414119307,8
秋月之空,1049994979,9
求生者,1262814186,8
Seabiscuit,916805807,10
bugbug,1056314392,8
should  it matter,2515044616,7
落幕,386725611,11
Say Sry,3326441317,2
剃刀,1529551565,7
～yh＊,634430121,10
柯西的忧伤,1337883842,8
Feelings,619581574,12
一川烟草,1187557832,8
亦是、,1739640633,7
无忧宝莉,1285970862,8
小傻,1838097952,3
不忘初心,903375161,10
[[img src=1/]],1246165945,9
我心永恒,976371191,9
。,1041705119,9
👉👈,1604372872,3
hero,465717240,4
qyw,694831248,10
哈哈哈,1953787436,5
汐,1354971465,8
谎,1729168290,7
Lucky Dog,414608192,13
Exql,591210216,8
lulala,2787359918,4
顺其自然,335840565,11
起风了,1255334614,8
天凉,1216391034,8
萧邦,2802137308,3
Lorenzo,344090436,11
Dicint,564929396,12
骚动,418761360,9
FADE AWAY,1078358779,8
iiiang,1309956758,5
陈俊祥,727493414,11
Dreammydream,675839352,12
ics,3202587142,3
Tmp,2663976081,6
aszzzzer,1256055931,8
四叶草,1958318597,4
没有节奏感的boy,1355767057,8
sakastlord,714026326,9
Python,1165806119,8
Y先生,2804210478,4
大白,1653164960,6
future me,1591164016,7
行僧,1982667646,7
一笑,1003266528,9
曾经的你,1092811022,9
一起走。,1269494003,8
Nothing Wind,778991591,7
westgo,857231549,9
___ Alone ღ〃°,376297523,11
.A,602618761,10
沉淀,1217134613,9
梦与梦想,751800671,11
补丁師,1763049679,7
lavadevil,1176358017,9
🔥Stronger🔥,941829379,10
编程之美,3189766563,1
27号客服,2524965201,6
海子,1910109065,7
浮沉,572291167,8
我的青春我做主,2838791189,3
sun,2093440643,4
NULL,1280892254,4
Jim.chen,499247020,13
275488770,275488770,14
牛哥编程,1875391267,7
Enigma,632386583,10
无心,382406270,13
hacker,1691623972,7
JustYC,2539914999,6
青鸟北去,473214588,9
ロンリー剣,470285662,13
沉迷学习 日渐消瘦,869273049,8
游侠,827986280,10
子灬逾丶,358492589,8
乘风破浪,2601336715,6
日出,951020701,10
Chris,591347134,11
如你所愿,990397637,9
代码,1187240993,8
QQ,286598966,8
Simon,466718611,13
spitfire,478040978,9
嗤,651633642,7
西西恩,493302046,11
BigStrong,3161025707,3
省三,815491295,10
夕阳,1069355829,9
乘风破浪,1306167953,8
Kenny,46267636,17
～不辞～,1158028367,9
婷婷,1049147902,9
爱i,1049154785,8
-林酉,731137875,10
啸月,269852578,11
春江_花月夜y,562103874,10
Sabbath,417045158,13
01号客服,3492159689,2
Whatever,1343497749,8
yxz1109,744891390,10
正儿八经儿小青年,3393141148,1
高阳,584415066,12
Missile,450768176,13
水剑,1364097153,8
晓乐,1565150757,7
Flies,794384611,10
Boom~~,353554506,12
路飞飞,51019283,17
SBH,1695523297,7
球球,871983594,10
夏末瑾年,540046661,11
夜幕一时无月,2369940632,6
Changing,472780551,11
关慕云,1625435927,7
fortune,2055653378,4
黑暗中的火光,2550677462,6
Risen,1591780418,7
阿耨多罗三藐三菩提,172721173,5
☸じ對她①❤,270768983,14
钟LS,513151396,13
予舍♍,879531595,7
别离,2655537789,5
abc,2740588426,4
大魔王hash,1056355752,9
HDS术业专攻,1096087178,7
简单,916044688,10
柴柴,280228303,14
雨一直下,418389818,13
剧歌第一句,897603022,10
微醺,380798413,10
,836834283,10
object,3391622007,1
Jack,920491071,10
Ifyou,294717629,11
俺妈说昵称越长媳妇越漂亮,350456985,12
你走位啊,837261544,11
XXX,798990255,11
萌萌的SOSO妹,3486910198,2
莫殇,316084217,13
你就是根号四,1291407533,8
B0rn 70 w1n💪,187009295,14
真心话,995365715,9
未然,1977907272,6
Aeasringnar,2736500139,4
yes,I do,836721195,10
゛小珊瑚、,4690816,17
小清,1290831507,8
陌离,644331530,6
い八う,554322804,12
祉鑫,2907494483,2
年少总有装逼梦,20334327,14
sily,597144071,8
orange,1796943480,7
一梦江山,763596974,11
邱焜,373171658,14
白云·清风,1720513491,6
default,211789390,3
" Fighting Chen,876179824,10
清,1247748612,8
心行,1350806450,8
魔龙,598326649,12
HelloWorld.,930814389,10
诸葛武,1021851314,10
小帅哥,508968584,5
be brave,1126413929,8
武林萌主,568845168,12
雨点,505857752,12
故事,421127423,13
黑白與虛幻╮,451064690,10
死肥宅,1451463969,7
^_^^_^,3208393020,3
令狐冲动,52100141,17
_,1214022160,9
魔元,1474605418,2
ROOT,495894925,12
雷电行,3264492346,3
Anycodes,80902630,13
无限,1576554670,7
一个人看小丸子,1069461929,9
fortune,2489172753,7
若,540403663,11
归去来兮,1057943634,7
西青,770153308,8
淡淡的心伤,492371030,11
Allen,1350091401,7
Ezreal,841747840,11
醉茗弥勒,619982293,11
~,501244968,1
Frank,86665247,16
季,977927559,9
冉冉,1103509234,9
Perfect,811571667,7
Lau,379119127,13
N,948485496,10
飞雪,3556322857,1
Rokic,498882312,13
kuibisi,2793226792,4
Mitsuha`,784811843,10
扶桑与克里斯,975520251,10
东小刀,80645987,13
小楼同学,974864034,10
掰不开桃子的男人,739544972,9
浅笑 、,137996047,12
未知目标,2192925549,5
1943-YoNv,178320049,11
Mr T,673054382,11
stone,422417537,13
keep_going,1527604318,8
天行健,510087153,6
🐠金鱼佬🐠,454002833,13
心花怒放,806877274,9
我说@《你信》,1299173601,8
淰小懿,704663953,10
Faded,1093607758,8
сильный,348356711,8
思漠,1759024343,7
蓝天一线,387607980,13
刘远平,1377639442,8
大雨还是小雨,769258580,10
一个老实人,3512447547,2
向风亭,842273847,10
宝塔镇河妖,1441433264,8
Martin goes forward,871325148,10
…,982283548,10
皮卡兵,376808987,12
s,3448823077,2
大西几,812143550,8
浓眉大侠$inging,403425608,12
顿途,403562935,11
阿布,1746187370,7
卡卡,188123134,7
小灰灰,940671407,10
心静（后台开发）,908852534,9
403,2792590202,4
无痕,2632790902,4
Will Teng,1450701256,8
～～～,540961368,10
patrick,996602672,8
·,1005535488,10
岁月里奔跑,310550078,9
Ell曾,1226294653,8
清,861953190,8
Mocha,1446684220,8
微笑生活(*^ω^*),2140089382,1
Morris.,940411727,10
一点飞鸿,1099155429,8
[容我过分帅气.],418714451,12
averyboy,228744592,6
瘾。,1192728018,9
丶WhaleFall,280690956,14
1,527950554,8
一个傻的瞬手与程序员,906746607,8
迷魂,137275814,11
晚-o_灯,277471776,13
＾_＾张加胜＾_＾,1415912291,8
☆红色巧克力★,1149827860,9
、,644153518,10
blackTea,401619741,10
,916232476,8
空鐘一粒塵,1547103226,7
HD-木木,576030418,12
超困,944593288,10
null,1076231043,9
怨回纥,648374605,9
11,759252738,11
柳林风声,1670491921,7
真好,3103792138,3
import sys,451420401,10
彼岸，未央,1013104194,10
我是逗比的媳妇,1070085256,9
财富和情感,568897492,12
嘟唧のfish,819406300,10
Daybreak,986849929,9
非洲小白脸,398395614,12
一的平方,2464512446,5
图特摩斯三世,447585986,11
鸽吻,1097436910,9
我的其他QQ号,3492332891,2
⒐缺αn稳づ,1114181785,9
kyoRan,1442721081,7
YangBoy,527261787,13
‏‎俩鼻涕泡,1273748522,8
大坤,1446048459,7
唱海(听）,465116038,11
lcz,1132559107,8
Attendre_,614532563,9
🐳🐳,1045373466,8
新房客,87202249,17
xzt.,492235584,10
CAPPUCCINO,41420872,17
Laughing胖♡^_^♡,250317189,14
江夏没人管,421919178,8
喵了个咪咪咪,852595181,10
℅圈小事尐,1141607810,9
Selena,460544826,10
摆矿],2031854641,2
vs,844846746,10
南烛,1151401109,9
如人饮水,1216973748,7
程序员,3222936821,2
无名,1355442075,8
雪,1830186498,6
Sucker for Pain,2315112324,6
Aha,676037567,12
Ashley,2997676578,5
诗,1178871512,9
青檬cyborg,1061127956,9
Sonic,1748681439,7
旧事酒浓,327040460,7
,574809303,12
行者Sun,1067946977,9
_?,2077123561,2
耶稣,848602238,10
🚶,1565057559,7
String,451176825,12
枫桥夜泊,1145285486,8
遥远的梦 RST,413254325,13
Hunter,1204604036,9
驭~逸,1067687502,8
liguo,1990827412,3
疯狂的菜鸟,2413187243,5
smile ^~^,1576307797,7
七弦琴手,1134693876,9
pinsily,2608927151,6
程序人生,1273715732,1
Wang.,630011342,9
world,3241492310,3
从头再来,1402428165,7
。Oo,494062073,13
w1nn3r,2283540148,7
~~~~,775404468,9
善良々強盜,1006433925,10
PoP,997823512,9
Shine,545316725,12
＂呉法言説┒℡,960183638,8
WT,2237796210,4
A,3231068013,3
清舟侧丶,391032473,13
清风,574702152,12
小铁,1125168253,8
眠,897190475,10
积极向上的好青年,597262012,10
😁😁😁😏,1061683512,9
Nero Claudius Caesar Augustus German,2021671406,2
......,824811408,11
yμаи鍀﹄初原ゾ,2524098146,1
‪NPC,1458882634,8
很珍惜一些人丶2018,751891786,10
eternalone,419773467,13
取一念,594318101,12
。。,476954252,9
深夜的雨,2987531360,4
暮雨潇潇,503894305,11
陌上,2295866824,5
先生,951119439,8
勤劳的懒羊羊,1315609144,8
o o,786594814,10
大米,1527896294,8
xiaofanfan,1840670599,5
ArmyAnt,512386080,10
夜末·冥思,405421467,13
oヤ橴苑灬,302601834,11
刘伯温,838235262,7
🐮,494051062,6
耳日,1810824959,7
Pascal,412892053,12
花语,1162937065,7
sunshine,2069349458,3
之一,1749531441,1
,1599789125,6
淡定啊,779013279,11
腐草为萤,1358460359,8
Kissed by Fire,894812391,10
penond,85073045,13
阿汇,1845040778,6
老萧,932912474,10
7分钟,87831498,13
行行藏情,2077563902,1
Stitch,1436037811,8
林欣,467719166,10
Venus,843683589,11
平静,5032928,17
旧巷子,2746571865,2
沂阳,529189527,13
误解的机遇（小选）,1756243584,7
梧桐弯弯,528397553,8
百里酚蓝,84416281,13
thinson☀,1760041313,7
蔚蓝的星空,1453912489,7
夜阑听雪者,704329038,10
ヤ凊灀殘膤偲,609597130,12
铭,1207734468,8
sharb.,1143144598,8
Listener,1210588659,9
安溪,3486741322,1
Ame,532071027,13
龙腾于野,839699014,10
白马非马,995078513,10
Mr.Sine,1424274840,8
Hello sunshine,1589445926,6
简单,2499963628,5
旧,1228267639,7
CGS,1003590782,9
翌缘,1506659545,6
不忘初心,2401509087,4
- You about all,97103184,9
奔跑。,578232582,10
老司机,1920654673,7
咫尺天涯,757387961,9
PuzzleX,644327005,11
……,471493996,13
尘心素淡,2394606209,4
Mr.Geng,408688964,11
镜花水月,562254943,8
张邪恶。,1102428714,8
浮云,2623992387,5
方方,3202971905,1
最佳。,2630198741,6
blavrso,522761613,10
入骨相思知不知♡,1479171863,8
另寻沧海,1940856771,7
天边,2726492626,4
！,619400536,9
小鱼王子,792301982,10
Be a person of value,1173733326,9
seven,3323896384,2
Jasonxu,645468673,8
吉祥猪,2795733775,3
买不到饭就吃泡面,525244039,5
酒鬼,843834044,10
石英,17502977,16
拉格朗日,1131079461,7
筝虹放侄只歌,3392669395,1
Bob,540504729,12
梓笠,2744211681,4
Believe in the future,2101348712,4
励志-爱生活,1260353224,8
Gordon.L,514058760,9
Ocean Zhang,982483744,9
戀上,395015856,12
不要叫我蜀黍,1580660181,7
Geng Le,571160706,9
🐳,673712786,11
奮 鬥,1162523751,9
口可ガ,2669491744,2
喜欢猫的鱼,531681372,11
阿飞,494514014,13
NIRVANA,491065390,10
jade,1650294306,7
站着眉目依旧的我啊,1835369280,7
伱/并不懂我*,710159460,10
落风月,274489985,11
a,1162441935,9
海绵宝宝,447172363,6
LoveRice,564778897,8
dM4k3r,123816100,13
KAIJI,10564711,18
四月天,779508400,11
جدال,425715008,10
混蛋,287220978,6
雪的味道,1049367221,8
风,735134962,10
hjwblog.com,1542254356,6
😙woods😜,390416867,11
Amo Te,1051027178,8
____,1076440430,9
解忧包子铺,1079011291,9
青鸟,2846159709,4
不死米奇Mickey.Har,779300698,8
冷瞳丶一瞬间-,867047792,10
做最优秀的自己,562664496,8
远走高飞,1017560100,9
過,1522034695,5
虚无缥缈的风,1024390259,10
意无瑕,740393778,11
泠然希太古,985363932,6
搜狗输入法,546619116,8
Mikchy,1014957998,9
weta,895034978,9
正丿经丨同学,2235422067,6
过路客,1024339051,9
他叫屈大澎啊！！！,1910918179,5
violet,892746142,9
Fate．　soul,1921534216,7
让我找到你W,904672606,10
勿,3132279242,3
N0rth3ty,735191479,9
Vampire,850507383,9
吃一条能fly的锦鲤,1048199830,9
梧桐树,1139180510,9
取次花丛懒回顾,582059572,11
星空,2284775931,6
👌👌,1150693181,6
kwtop,1719751430,7
前夕,1048593583,9
画花,3500691299,1
陌上花开,2544886931,7
一气化三清,3233069648,3
O.？,446731466,9
nav_cento,1927033864,5
:`喂`_]`文明WAY,1742691669,7
若是凉夜已成梦,1370500428,8
达达,872213775,10
青红造了个白,761099707,9
~,1151017080,7
，。？！。！！,2994961385,3
laomd,965524991,6
破晓,953424918,5
.,707385935,9
💭💡🎈~~,956361916,9
晓风,952470866,8
嵸("");,1223542912,9
番薯,1640008400,7
Qian,790762116,8
⊙,1364011579,8
人生苦短,156286810,15
布利啾啾迪布利多,758841765,5
一米阳光,2224749495,6
薛熙,2420430689,4
夏末,598704274,9
依旧爱,204414423,3
Choc_Uil,368879361,13
Lou,928302203,10
,330514376,13
755731262,755731262,8
🇹 🇦 🇳,2273902448,6
XXXY,1608483232,6
戈多,2350282340,6
。,1819049649,7
天越,570558583,12
Vector,1430533056,4
一眼误终生,897675769,10
狂傲潇湘※潇遥一世的离觞,275956173,7
-贰四毛,812573206,10
础,19473411,16
枫释般若,965385284,10
cccc,617687380,11
Lyndon,274095778,9
err0r,2593766043,4
leo_nardo,1902115681,7
梦醉心空,178183852,9
五丈原,1113256304,8
゛拚命ㄣ微笑╭,207176788,4
97,544356779,11
风归,491565693,11
双,1594287557,7
笑看、红尘埃,1501484362,5
一天,1768495693,7
Mr.Acanyi,52407189,17
泛舟采荷,29998716,14
杰,747855083,11
7.62,2539561794,6
我是你爸爸呀,740951779,11
啦啦啦啦,748285366,11
文江,117148300,16
。,1438911870,7
Iowa Class Battleship,424780795,1
板蓝根的板蓝,1764681289,7
灬Archer丶,1540836832,8
格兰德,1147940842,9
Warm sunshine,815092532,11
一人一堂课,429763323,12
给自己的歌,153929962,9
小号,1138066279,8
不衰不帅,1311344898,8
野性而又干净,1015675073,10
,,2543803774,5
_____◤Alvin◢ヽ,562078401,9
冷漠,206742201,2
百多达,931253898,10
,870311511,10
∑Ironic、,137013743,11
根派,782797811,11
懂爱旳孤独,2918132363,1
い    婴宁'。,752229036,11
遇见初秋,2726352236,4
◎闪电风暴☆,499856090,12
NUAA-Mr. LiuVM,447205029,13
半瓶醋 崩盘带你去看楼,86933255,13
Nuller,3460817484,1
0-O,754383904,10
Stef,1462576944,2
zh_mars,2779393822,3
～,545281948,9
Yaphp,851257040,9
十月之下,834918500,8
缘,990687261,10
Anonymous,1003807869,10
放大镜,179197563,9
阿球🙃,1633215419,7
吃早饭了吗,1292485175,8
ss,773636365,5
羫心莕,2455940566,6
/cy阿飞,76414868,16
失败的英雄,457705137,11
N-Min,741034766,11
解,346225716,12
森琴,724771653,10
明月为证,872941539,9
路,1464227498,8
竹蜻蜓,420250899,12
绊城烟沙” £ 染指流年,1670302225,7
酸酸大青芒,1735940176,7
捏捏你的小肥脸,1214386868,9
程序代做,452100105,6
,2863758799,5
腾讯官芳,2223136131,6
→_→,656927369,12
过客,1540215426,8
Shadow,1653183496,5
Moo,875570815,10
.,915859262,8
MT,492797035,5
hf,853885165,10
Bury,1392919737,8
Data Master,122929048,5
三月,1757548534,7
封锁、我的爱,891988214,9
Code_J_xer,1055223464,9
粥粥,807082910,11
Vanish,1298019319,8
阳光宅男,670702169,12
tom,2711404165,3
码博士,2625487868,5
红枫,2232725011,7
荆府沈侯,2290318555,7
叶落知秋,214510221,11
一如既往,1141366781,8
fairy,2994899095,4
Buck,2480109218,1
HELLOLOL,2394641125,6
泥娃娃,1175739227,9
U-＞M,1791660695,2
，，，,382022965,1
我,2515659037,7
牛牛C,1943320157,5
THOU,381532333,9
樱桃没丸子,1332935494,7
change,1415756961,8
槐阳,45358172,17
Concentration,2654910062,2
coding,3424708205,2
chenPeng,810226001,10
王丽,3002507254,1
Ryan,2693984922,5
hit_hate_hack,467657184,8
麦,986353946,9
无中生有是最美的艺术,1650563029,6
Gxjun,1005267096,5
Ticker & Timer,635613319,6
EXPERT,1413786269,8
梦舞,2478349380,5
人生苦短,769850844,11
Richardlcz,1850070611,7
胡杨,2112824843,2
墨年,920292914,9
Hesitate,1696788869,6
lzswya,1294844426,8
猫怕水,475952074,10
猗郁,956431651,9
守候、等待,316063140,9
Samo,798453501,11
大渣渣。,405932243,9
耿耿,2083701389,4
(*◑∇◑)☞,584873691,10
vank,3315999133,3
浪生,710952230,11
Kevin,707524347,11
Asura,286551829,13
sky,1218980814,8
社会,1536213066,8
mq,273055358,11
行天下,1693843033,7
qwe,1447780128,8
呼呼哈嘿,978806986,10
Opinion,853342669,10
体温与鹿,3442370645,1
Yang,1763734039,7
Youth.skye,530407911,12
灵外&棂外,1414119307,8
秋月之空,1049994979,9
求生者,1262814186,8
Seabiscuit,916805807,10
bugbug,1056314392,8
should  it matter,2515044616,7
落幕,386725611,11
Say Sry,3326441317,2
剃刀,1529551565,7
～yh＊,634430121,10
柯西的忧伤,1337883842,8
Feelings,619581574,12
一川烟草,1187557832,8
亦是、,1739640633,7
无忧宝莉,1285970862,8
小傻,1838097952,3
不忘初心,903375161,10
[[img src=1/]],1246165945,9
我心永恒,976371191,9
。,1041705119,9
👉👈,1604372872,3
hero,465717240,4
qyw,694831248,10
哈哈哈,1953787436,5
汐,1354971465,8
谎,1729168290,7
Lucky Dog,414608192,13
Exql,591210216,8
lulala,2787359918,4
顺其自然,335840565,11
起风了,1255334614,8
天凉,1216391034,8
萧邦,2802137308,3
Lorenzo,344090436,11
Dicint,564929396,12
骚动,418761360,9
FADE AWAY,1078358779,8
iiiang,1309956758,5
陈俊祥,727493414,11
Dreammydream,675839352,12
ics,3202587142,3
Tmp,2663976081,6
aszzzzer,1256055931,8
四叶草,1958318597,4
没有节奏感的boy,1355767057,8
sakastlord,714026326,9
Python,1165806119,8
Y先生,2804210478,4
大白,1653164960,6
future me,1591164016,7
行僧,1982667646,7
一笑,1003266528,9
曾经的你,1092811022,9
一起走。,1269494003,8
Nothing Wind,778991591,7
westgo,857231549,9
___ Alone ღ〃°,376297523,11
.A,602618761,10
沉淀,1217134613,9
梦与梦想,751800671,11
补丁師,1763049679,7
lavadevil,1176358017,9
🔥Stronger🔥,941829379,10
